age_key,gender_key,weight_key,region_key,smoker,bmi,children,charges
2,1,198,4,TRUE,27.9,0," 16,884.92 "
1,2,351,3,FALSE,33.77,1," 1,725.55 "
11,2,332,3,FALSE,33,3," 4,449.46 "
16,2,74,2,FALSE,22.705,0," 21,984.47 "
15,2,224,2,FALSE,28.88,0," 3,866.86 "
14,1,145,3,FALSE,25.74,0," 3,756.62 "
29,1,343,3,FALSE,33.44,1," 8,240.59 "
20,1,194,2,FALSE,27.74,3," 7,281.51 "
20,2,251,1,FALSE,29.83,2," 6,406.41 "
43,1,148,2,FALSE,25.84,0," 28,923.14 "
8,2,157,1,FALSE,26.22,0," 2,721.32 "
45,1,158,3,TRUE,26.29,0," 27,808.73 "
6,2,366,4,FALSE,34.4,0," 1,826.84 "
39,1,480,3,FALSE,39.82,0," 11,090.72 "
10,2,509,3,TRUE,42.13,0," 39,611.76 "
2,2,119,4,FALSE,24.6,1," 1,837.24 "
35,1,273,1,FALSE,30.78,1," 10,797.34 "
6,2,101,1,FALSE,23.845,0," 2,395.17 "
39,2,488,4,FALSE,40.3,0," 10,602.39 "
13,2,385,4,TRUE,35.3,0," 36,837.47 "
43,1,405,1,FALSE,36.005,0," 13,228.85 "
13,1,316,4,FALSE,32.4,1," 4,149.74 "
1,2,358,3,FALSE,34.1,0," 1,137.01 "
17,1,303,1,TRUE,31.92,1," 37,701.88 "
20,2,202,2,FALSE,28.025,2," 6,203.90 "
42,1,193,3,FALSE,27.72,3," 14,001.13 "
46,1,81,1,FALSE,23.085,0," 14,451.84 "
38,1,326,2,FALSE,32.775,2," 12,268.63 "
6,2,5,2,FALSE,17.385,1," 2,775.19 "
14,2,412,4,TRUE,36.3,2," 38,711.00 "
5,2,392,4,TRUE,35.6,0," 35,585.58 "
1,1,159,1,FALSE,26.315,0," 2,198.19 "
2,1,218,4,FALSE,28.6,5," 4,687.80 "
46,2,211,2,FALSE,28.31,0," 13,770.10 "
11,2,414,4,TRUE,36.4,1," 51,194.56 "
2,2,36,2,FALSE,20.425,0," 1,625.43 "
45,1,331,2,FALSE,32.965,3," 15,612.19 "
9,2,42,4,FALSE,20.8,0," 2,302.30 "
18,2,420,1,TRUE,36.67,1," 39,774.28 "
43,2,481,4,TRUE,39.9,0," 48,173.36 "
7,1,164,1,FALSE,26.6,0," 3,046.06 "
14,1,419,3,FALSE,36.63,2," 4,949.76 "
24,2,58,3,FALSE,21.78,1," 6,272.48 "
20,1,274,3,FALSE,30.8,2," 6,313.76 "
21,2,428,1,FALSE,37.05,1," 6,079.67 "
38,2,434,4,FALSE,37.3,0," 20,630.28 "
1,1,457,1,FALSE,38.665,2," 3,393.36 "
11,1,374,2,FALSE,34.77,0," 3,556.92 "
43,1,118,3,FALSE,24.53,0," 12,629.90 "
19,2,383,3,TRUE,35.2,1," 38,709.18 "
1,1,393,1,FALSE,35.625,0," 2,211.13 "
4,1,347,2,FALSE,33.63,2," 3,579.83 "
31,2,201,4,TRUE,28,1," 23,568.27 "
19,2,367,3,TRUE,34.43,0," 37,742.58 "
23,1,219,2,FALSE,28.69,3," 8,059.68 "
41,2,425,2,TRUE,36.955,2," 47,496.49 "
41,1,301,1,FALSE,31.825,2," 13,607.37 "
1,2,297,3,TRUE,31.68,2," 34,303.17 "
36,1,77,3,TRUE,22.88,1," 23,244.79 "
17,1,435,2,FALSE,37.335,2," 5,989.52 "
26,2,184,1,FALSE,27.36,3," 8,606.22 "
8,2,348,3,FALSE,33.66,4," 4,504.66 "
47,2,122,2,FALSE,24.7,1," 30,166.62 "
11,1,151,2,FALSE,25.935,1," 4,133.64 "
3,1,70,2,TRUE,22.42,0," 14,711.74 "
2,1,225,4,FALSE,28.9,0," 1,743.21 "
44,1,463,4,FALSE,39.1,2," 14,235.07 "
23,2,159,2,FALSE,26.315,1," 6,389.38 "
23,1,408,3,FALSE,36.19,0," 5,920.10 "
11,2,105,3,TRUE,23.98,3," 17,663.14 "
10,1,123,3,TRUE,24.75,0," 16,577.78 "
14,2,216,1,FALSE,28.5,5," 6,799.46 "
36,1,204,4,FALSE,28.1,3," 11,741.73 "
41,2,305,3,FALSE,32.01,1," 11,946.63 "
27,2,185,4,FALSE,27.4,2," 7,726.85 "
40,2,357,2,FALSE,34.01,0," 11,356.66 "
12,1,244,3,FALSE,29.59,1," 3,947.41 "
4,2,391,3,FALSE,35.53,0," 1,532.47 "
5,1,479,1,FALSE,39.805,0," 2,755.02 "
24,1,331,2,FALSE,32.965,0," 6,571.02 "
14,2,172,1,FALSE,26.885,1," 4,441.21 "
28,1,453,1,FALSE,38.285,0," 7,935.29 "
5,2,440,3,TRUE,37.62,1," 37,165.16 "
31,1,501,2,FALSE,41.23,4," 11,033.66 "
20,1,375,4,TRUE,34.8,2," 39,836.52 "
28,2,78,2,TRUE,22.895,2," 21,098.55 "
40,1,283,2,TRUE,31.16,0," 43,578.94 "
39,1,180,4,FALSE,27.2,0," 11,073.18 "
29,1,194,2,FALSE,27.74,0," 8,026.67 "
38,1,174,2,FALSE,26.98,0," 11,082.58 "
4,1,471,3,FALSE,39.49,0," 2,026.97 "
36,1,124,2,FALSE,24.795,1," 10,942.13 "
42,2,251,1,TRUE,29.83,3," 30,184.94 "
18,2,374,2,FALSE,34.77,2," 5,729.01 "
47,1,287,4,TRUE,31.3,2," 47,291.06 "
11,1,440,3,FALSE,37.62,1," 3,766.88 "
37,1,274,4,FALSE,30.8,3," 12,105.32 "
38,2,452,3,FALSE,38.28,0," 10,226.28 "
39,2,28,1,TRUE,19.95,0," 22,412.65 "
21,2,23,4,TRUE,19.3,0," 15,820.70 "
24,1,295,4,FALSE,31.6,0," 6,186.13 "
13,2,139,1,FALSE,25.46,0," 3,645.09 "
1,1,259,1,FALSE,30.115,0," 21,344.85 "
44,1,253,3,TRUE,29.92,3," 30,942.19 "
17,1,187,4,FALSE,27.5,1," 5,003.85 "
3,2,202,2,TRUE,28.025,1," 17,560.38 "
2,1,213,4,FALSE,28.4,1," 2,331.52 "
9,2,275,2,FALSE,30.875,2," 3,877.30 "
12,2,200,3,FALSE,27.94,0," 2,867.12 "
46,2,380,3,TRUE,35.09,0," 47,055.53 "
37,2,347,2,FALSE,33.63,1," 10,825.25 "
38,1,247,4,FALSE,29.7,2," 11,881.36 "
20,2,274,4,FALSE,30.8,0," 4,646.76 "
4,1,396,2,FALSE,35.72,0," 2,404.73 "
35,2,311,1,FALSE,32.205,3," 11,488.32 "
43,2,217,1,FALSE,28.595,0," 30,260.00 "
41,2,545,3,FALSE,49.06,0," 11,381.33 "
12,1,200,3,TRUE,27.94,1," 19,107.78 "
32,1,179,3,FALSE,27.17,0," 8,601.33 "
20,1,89,2,FALSE,23.37,2," 6,686.43 "
27,2,430,4,FALSE,37.1,2," 7,740.34 "
1,2,98,1,FALSE,23.75,0," 1,705.62 "
3,1,227,2,FALSE,28.975,0," 2,257.48 "
27,2,288,1,TRUE,31.35,1," 39,556.49 "
30,1,355,2,FALSE,33.915,3," 10,115.01 "
9,1,221,1,FALSE,28.785,0," 3,385.40 "
2,1,210,4,TRUE,28.3,0," 17,081.08 "
35,1,436,4,FALSE,37.4,0," 9,634.54 "
15,1,9,2,TRUE,17.765,2," 32,734.19 "
21,2,373,4,FALSE,34.7,2," 6,082.41 "
42,1,162,1,FALSE,26.505,0," 12,815.44 "
44,1,64,1,FALSE,22.04,0," 13,616.36 "
36,1,401,4,FALSE,35.9,2," 11,163.57 "
2,2,141,2,FALSE,25.555,0," 1,632.56 "
3,1,221,1,FALSE,28.785,0," 2,457.21 "
5,1,203,3,FALSE,28.05,0," 2,155.68 "
2,2,358,4,FALSE,34.1,0," 1,261.44 "
5,2,132,2,FALSE,25.175,0," 2,045.69 "
37,1,302,3,FALSE,31.9,3," 27,322.73 "
5,1,404,4,FALSE,36,0," 2,166.73 "
17,2,70,1,FALSE,22.42,2," 27,375.90 "
9,2,318,1,FALSE,32.49,1," 3,490.55 "
17,2,135,3,TRUE,25.3,2," 18,972.50 "
12,2,248,2,FALSE,29.735,2," 18,157.88 "
13,2,219,2,TRUE,28.69,3," 20,745.99 "
12,1,458,3,FALSE,38.83,3," 5,138.26 "
29,2,268,2,TRUE,30.495,3," 40,720.55 "
34,1,443,3,FALSE,37.73,1," 9,877.61 "
36,1,437,2,FALSE,37.43,1," 10,959.69 "
2,2,213,4,FALSE,28.4,1," 1,842.52 "
18,2,109,2,FALSE,24.13,1," 5,125.22 "
31,2,247,3,FALSE,29.7,0," 7,789.64 "
15,1,431,1,FALSE,37.145,3," 6,334.34 "
25,1,89,1,TRUE,23.37,0," 19,964.75 "
23,1,139,1,FALSE,25.46,1," 7,077.19 "
27,2,473,2,FALSE,39.52,0," 6,948.70 "
31,2,116,3,TRUE,24.42,0," 21,223.68 "
1,2,132,1,TRUE,25.175,0," 15,518.18 "
13,2,391,3,TRUE,35.53,0," 36,950.26 "
33,1,196,3,FALSE,27.83,3," 19,749.38 "
25,1,164,2,TRUE,26.6,0," 21,348.71 "
1,1,423,3,TRUE,36.85,0," 36,149.48 "
37,2,474,4,FALSE,39.6,1," 10,450.55 "
15,1,249,4,FALSE,29.8,2," 5,152.13 "
20,2,246,2,FALSE,29.64,0," 5,028.15 "
30,2,208,1,FALSE,28.215,4," 10,407.09 "
3,1,427,4,FALSE,37,5," 4,830.63 "
15,1,336,2,FALSE,33.155,3," 6,128.80 "
2,1,301,2,FALSE,31.825,1," 2,719.28 "
10,2,19,1,FALSE,18.905,3," 4,827.90 "
46,2,504,3,FALSE,41.47,0," 13,405.39 "
32,2,264,4,FALSE,30.3,0," 8,116.68 "
1,2,1,1,FALSE,15.96,0," 1,694.80 "
18,1,375,4,FALSE,34.8,1," 5,246.05 "
7,1,341,2,FALSE,33.345,0," 2,855.44 "
46,1,441,4,TRUE,37.7,0," 48,824.45 "
21,2,197,2,FALSE,27.835,2," 6,455.86 "
37,2,234,4,FALSE,29.2,1," 10,436.10 "
29,1,225,4,FALSE,28.9,2," 8,823.28 "
24,1,336,1,FALSE,33.155,3," 8,538.29 "
41,2,217,2,FALSE,28.595,0," 11,735.88 "
1,1,452,3,FALSE,38.28,0," 1,631.82 "
5,2,28,1,FALSE,19.95,3," 4,005.42 "
27,1,161,2,FALSE,26.41,0," 7,419.48 "
27,2,272,3,FALSE,30.69,2," 7,731.43 "
19,2,507,1,TRUE,41.895,3," 43,753.34 "
9,1,253,3,FALSE,29.92,2," 3,981.98 "
13,1,276,4,FALSE,30.9,3," 5,325.65 "
24,1,310,4,FALSE,32.2,1," 6,775.96 "
12,1,308,2,FALSE,32.11,2," 4,922.92 "
44,2,294,3,FALSE,31.57,0," 12,557.61 "
19,1,156,4,FALSE,26.2,0," 4,883.87 "
8,2,145,3,FALSE,25.74,0," 2,137.65 "
39,1,164,2,FALSE,26.6,1," 12,044.34 "
1,2,367,3,FALSE,34.43,0," 1,137.47 "
2,2,270,2,FALSE,30.59,0," 1,639.56 "
22,1,328,4,FALSE,32.8,0," 5,649.72 "
28,1,218,3,FALSE,28.6,2," 8,516.83 "
34,1,13,2,FALSE,18.05,0," 9,644.25 "
47,1,468,1,FALSE,39.33,0," 14,901.52 "
2,1,308,2,FALSE,32.11,0," 2,130.68 "
31,1,312,3,FALSE,32.23,1," 8,871.15 "
43,1,106,2,FALSE,24.035,0," 13,012.21 "
10,1,406,3,TRUE,36.08,0," 37,133.90 "
29,2,69,4,FALSE,22.3,0," 7,147.11 "
11,1,224,1,FALSE,28.88,1," 4,337.74 "
42,2,160,3,FALSE,26.4,0," 11,743.30 "
18,2,194,1,TRUE,27.74,2," 20,984.09 "
46,1,300,4,FALSE,31.8,0," 13,880.95 "
23,2,501,1,FALSE,41.23,1," 6,610.11 "
3,2,332,4,FALSE,33,1," 1,980.07 "
23,2,275,2,FALSE,30.875,4," 8,162.72 "
7,2,216,2,FALSE,28.5,2," 3,537.70 "
17,1,168,3,FALSE,26.73,1," 5,002.78 "
28,1,276,4,FALSE,30.9,2," 8,520.03 "
24,1,430,4,FALSE,37.1,2," 7,371.77 "
36,1,164,2,FALSE,26.6,0," 10,355.64 "
10,2,82,3,FALSE,23.1,0," 2,483.74 "
9,1,253,3,FALSE,29.92,1," 3,392.98 "
7,1,85,3,FALSE,23.21,0," 25,081.77 "
17,1,349,4,FALSE,33.7,1," 5,012.47 "
36,1,338,1,FALSE,33.25,0," 10,564.88 "
15,2,274,4,FALSE,30.8,3," 5,253.52 "
2,2,375,4,TRUE,34.8,0," 34,779.62 "
25,2,121,3,TRUE,24.64,0," 19,515.54 "
38,2,354,3,FALSE,33.88,3," 11,987.17 "
11,2,448,3,FALSE,38.06,0," 2,689.50 "
41,1,508,3,FALSE,41.91,0," 24,227.34 "
24,1,296,1,FALSE,31.635,1," 7,358.18 "
30,2,139,1,FALSE,25.46,2," 9,225.26 "
25,1,409,2,FALSE,36.195,1," 7,443.64 "
42,1,196,3,FALSE,27.83,3," 14,001.29 "
2,1,10,4,FALSE,17.8,0," 1,727.79 "
42,2,187,4,FALSE,27.5,1," 12,333.83 "
22,2,117,2,FALSE,24.51,2," 6,710.19 "
23,1,67,3,TRUE,22.22,2," 19,444.27 "
1,1,168,3,FALSE,26.73,0," 1,615.77 "
14,2,455,3,FALSE,38.39,2," 4,463.21 "
2,2,230,2,TRUE,29.07,0," 17,352.68 "
27,2,448,3,FALSE,38.06,1," 7,152.67 "
6,1,420,1,TRUE,36.67,2," 38,511.63 "
16,1,66,1,FALSE,22.135,1," 5,354.07 "
38,1,170,4,FALSE,26.8,1," 35,160.13 "
23,2,385,4,FALSE,35.3,3," 7,196.87 "
46,1,194,1,TRUE,27.74,0," 29,523.17 "
37,2,256,2,FALSE,30.02,0," 24,476.48 "
43,1,448,3,FALSE,38.06,0," 12,648.70 "
7,2,400,3,FALSE,35.86,0," 1,986.93 "
2,2,43,4,FALSE,20.9,1," 1,832.09 "
12,2,227,1,FALSE,28.975,1," 4,040.56 "
1,2,4,1,TRUE,17.29,2," 12,829.46 "
46,1,310,4,TRUE,32.2,2," 47,305.31 "
37,2,361,3,TRUE,34.21,2," 44,260.75 "
10,2,264,4,FALSE,30.3,3," 4,260.74 "
33,2,301,1,TRUE,31.825,0," 41,097.16 "
38,1,136,1,FALSE,25.365,3," 13,047.33 "
39,2,347,2,TRUE,33.63,0," 43,921.18 "
21,1,484,3,FALSE,40.15,0," 5,400.98 "
34,2,115,2,FALSE,24.415,4," 11,520.10 "
2,2,303,2,TRUE,31.92,0," 33,750.29 "
41,1,133,4,FALSE,25.2,0," 11,837.16 "
3,1,171,3,TRUE,26.84,1," 17,085.27 "
35,2,113,1,TRUE,24.32,3," 24,869.84 "
2,2,425,2,TRUE,36.955,0," 36,219.41 "
36,1,448,3,FALSE,38.06,3," 20,463.00 "
29,2,511,3,TRUE,42.35,3," 46,151.12 "
23,2,26,3,TRUE,19.8,1," 17,179.52 "
42,1,315,1,FALSE,32.395,3," 14,590.63 "
28,2,261,4,FALSE,30.2,1," 7,441.05 "
32,2,148,1,FALSE,25.84,1," 9,282.48 "
1,2,238,3,FALSE,29.37,1," 1,719.44 "
33,2,360,4,TRUE,34.2,2," 42,856.84 "
24,2,428,2,FALSE,37.05,2," 7,265.70 "
33,2,186,1,FALSE,27.455,1," 9,617.66 "
8,2,188,2,FALSE,27.55,0," 2,523.17 "
30,1,164,1,FALSE,26.6,2," 9,715.84 "
2,2,39,2,FALSE,20.615,2," 2,803.70 "
5,1,111,4,FALSE,24.3,0," 2,150.47 "
42,2,299,3,FALSE,31.79,2," 12,928.79 "
34,1,53,3,FALSE,21.56,1," 9,855.13 "
23,1,205,1,TRUE,28.12,1," 22,331.57 "
37,2,494,1,TRUE,40.565,3," 48,549.18 "
13,2,191,1,FALSE,27.645,1," 4,237.13 "
38,1,315,1,FALSE,32.395,1," 11,879.10 "
35,1,284,4,FALSE,31.2,0," 9,625.92 "
29,2,165,3,FALSE,26.62,1," 7,742.11 "
29,1,544,1,FALSE,48.07,2," 9,432.93 "
46,1,157,2,FALSE,26.22,0," 14,256.19 "
42,1,422,1,TRUE,36.765,1," 47,896.79 "
35,2,160,3,FALSE,26.4,3," 25,992.82 "
11,1,342,4,FALSE,33.4,0," 3,172.02 "
12,2,246,1,FALSE,29.64,1," 20,277.81 "
8,2,533,3,TRUE,45.54,2," 42,112.24 "
5,1,223,3,FALSE,28.82,0," 2,156.75 "
8,2,170,4,FALSE,26.8,3," 3,906.13 "
1,2,79,1,FALSE,22.99,0," 1,704.57 "
2,2,192,4,TRUE,27.7,0," 16,297.85 "
30,2,138,3,TRUE,25.41,1," 21,978.68 "
14,2,365,2,TRUE,34.39,3," 38,746.36 "
31,1,224,2,FALSE,28.88,1," 9,249.50 "
19,2,188,1,FALSE,27.55,3," 6,746.74 "
36,1,73,1,TRUE,22.61,3," 24,873.38 "
39,1,438,3,FALSE,37.51,2," 12,265.51 "
11,1,332,3,FALSE,33,2," 4,349.46 "
40,1,447,4,FALSE,38,2," 12,646.21 "
12,2,341,2,FALSE,33.345,2," 19,442.35 "
11,1,187,4,FALSE,27.5,2," 20,177.67 "
13,1,340,3,FALSE,33.33,1," 4,151.03 "
41,2,376,1,FALSE,34.865,0," 11,944.59 "
24,1,333,2,FALSE,33.06,2," 7,749.16 "
33,2,164,4,FALSE,26.6,0," 8,444.47 "
2,1,122,4,FALSE,24.7,0," 1,737.38 "
26,2,403,3,TRUE,35.97,3," 42,124.52 "
32,2,400,3,FALSE,35.86,0," 8,124.41 "
10,1,289,4,TRUE,31.4,0," 34,838.87 "
35,2,338,1,FALSE,33.25,0," 9,722.77 "
33,2,311,2,FALSE,32.205,0," 8,835.26 "
37,2,326,1,FALSE,32.775,0," 10,435.07 "
27,1,191,2,FALSE,27.645,0," 7,421.19 "
15,2,435,1,FALSE,37.335,1," 4,667.61 "
17,2,134,2,FALSE,25.27,1," 4,894.75 "
9,1,246,1,FALSE,29.64,4," 24,671.66 "
17,2,274,4,TRUE,30.8,0," 35,491.64 "
40,2,498,1,FALSE,40.945,0," 11,566.30 "
12,2,180,4,FALSE,27.2,0," 2,866.09 "
23,2,359,1,FALSE,34.105,1," 6,600.21 "
10,1,85,3,FALSE,23.21,1," 3,561.89 "
28,2,415,2,TRUE,36.48,2," 42,760.50 "
47,1,352,4,TRUE,33.8,1," 47,928.03 "
35,2,421,4,FALSE,36.7,0," 9,144.57 "
44,1,413,1,TRUE,36.385,1," 48,517.56 "
35,2,184,2,TRUE,27.36,0," 24,393.62 "
44,1,283,2,FALSE,31.16,0," 13,429.04 "
39,1,221,1,FALSE,28.785,0," 11,658.38 "
26,1,396,1,FALSE,35.72,2," 19,144.58 "
47,2,369,4,FALSE,34.5,0," 13,822.80 "
43,2,145,3,FALSE,25.74,0," 12,142.58 "
45,2,188,2,FALSE,27.55,1," 13,937.67 "
33,2,313,1,TRUE,32.3,1," 41,919.10 "
29,1,193,3,FALSE,27.72,1," 8,232.64 "
7,1,189,4,FALSE,27.6,0," 18,955.22 "
45,2,256,2,FALSE,30.02,0," 13,352.10 "
43,1,188,1,FALSE,27.55,0," 13,217.09 "
46,2,422,1,FALSE,36.765,0," 13,981.85 "
32,1,504,3,FALSE,41.47,4," 10,977.21 "
17,1,235,3,FALSE,29.26,3," 6,184.30 "
16,2,397,3,FALSE,35.75,2," 4,890.00 "
29,2,341,1,FALSE,33.345,1," 8,334.46 "
19,1,253,3,FALSE,29.92,1," 5,478.04 "
2,2,197,2,FALSE,27.835,0," 1,635.73 "
40,1,83,2,FALSE,23.18,0," 11,830.61 "
33,1,142,4,FALSE,25.6,0," 8,932.08 "
13,1,192,4,FALSE,27.7,0," 3,554.20 "
16,2,384,1,FALSE,35.245,0," 12,404.88 "
1,1,452,3,FALSE,38.28,0," 14,133.04 "
29,2,189,4,FALSE,27.6,0," 24,603.05 "
29,2,524,3,FALSE,43.89,3," 8,944.12 "
30,2,251,2,FALSE,29.83,3," 9,620.33 "
6,2,508,3,FALSE,41.91,0," 1,837.28 "
1,1,41,3,FALSE,20.79,0," 1,607.51 "
31,1,313,1,FALSE,32.3,2," 10,043.25 "
18,2,269,4,FALSE,30.5,1," 4,751.07 "
2,1,56,4,TRUE,21.7,0," 13,844.51 "
4,1,160,4,FALSE,26.4,1," 2,597.78 "
4,1,61,3,FALSE,21.89,2," 3,180.51 "
32,1,273,1,FALSE,30.78,1," 9,778.35 "
39,1,313,1,FALSE,32.3,3," 13,430.27 "
25,1,128,2,FALSE,24.985,2," 8,017.06 "
27,2,306,2,FALSE,32.015,2," 8,116.27 "
1,2,267,1,FALSE,30.4,3," 3,481.87 "
44,1,45,2,FALSE,21.09,0," 13,415.04 "
40,1,68,1,FALSE,22.23,0," 12,029.29 "
25,1,336,1,FALSE,33.155,1," 7,639.42 "
9,2,330,4,TRUE,32.9,2," 36,085.22 "
3,2,340,3,FALSE,33.33,0," 1,391.53 "
6,1,211,2,TRUE,28.31,0," 18,033.97 "
22,1,126,1,TRUE,24.89,3," 21,659.93 "
7,2,484,3,TRUE,40.15,0," 38,126.25 "
47,1,259,2,FALSE,30.115,3," 16,455.71 "
45,2,291,3,FALSE,31.46,1," 27,000.98 "
10,1,12,1,TRUE,17.955,2," 15,006.58 "
38,2,271,1,TRUE,30.685,0," 42,303.69 "
38,2,332,3,FALSE,33,0," 20,781.49 "
18,1,521,3,FALSE,43.34,2," 5,846.92 "
27,2,66,1,FALSE,22.135,2," 8,302.54 "
2,2,366,4,FALSE,34.4,0," 1,261.86 "
41,1,462,3,FALSE,39.05,0," 11,856.41 "
33,2,136,2,FALSE,25.365,2," 30,284.64 "
9,1,73,2,FALSE,22.61,0," 3,176.82 "
7,1,262,2,FALSE,30.21,3," 4,618.08 "
31,2,393,1,FALSE,35.625,4," 10,736.87 "
2,1,437,2,FALSE,37.43,0," 2,138.07 "
31,2,290,1,FALSE,31.445,1," 8,964.06 "
32,2,288,1,FALSE,31.35,1," 9,290.14 "
29,1,313,1,FALSE,32.3,2," 9,411.01 "
29,2,27,2,FALSE,19.855,0," 7,526.71 "
26,1,366,4,FALSE,34.4,3," 8,522.00 "
4,2,279,3,FALSE,31.02,0," 16,586.50 "
47,2,142,4,FALSE,25.6,2," 14,988.43 "
1,1,450,3,FALSE,38.17,0," 1,631.67 "
34,1,38,4,FALSE,20.6,0," 9,264.80 "
30,2,541,3,FALSE,47.52,1," 8,083.92 "
47,1,331,2,FALSE,32.965,0," 14,692.67 "
32,2,313,2,FALSE,32.3,3," 10,269.46 "
14,2,35,4,FALSE,20.4,0," 3,260.20 "
35,1,454,1,FALSE,38.38,2," 11,396.90 "
16,1,112,3,FALSE,24.31,0," 4,185.10 "
30,1,94,4,FALSE,23.6,1," 8,539.67 "
21,2,46,3,FALSE,21.12,3," 6,652.53 "
15,2,257,3,FALSE,30.03,1," 4,074.45 "
2,2,7,2,FALSE,17.48,0," 1,621.34 "
27,1,32,1,TRUE,20.235,1," 19,594.81 "
9,1,3,1,TRUE,17.195,2," 14,455.64 "
8,2,103,4,FALSE,23.9,5," 5,080.10 "
2,1,382,2,FALSE,35.15,0," 2,134.90 "
26,1,394,3,FALSE,35.64,1," 7,345.73 "
35,2,358,3,FALSE,34.1,0," 9,140.95 "
19,1,72,4,TRUE,22.6,2," 18,608.26 "
47,2,465,3,FALSE,39.16,1," 14,418.28 "
46,1,174,2,TRUE,26.98,0," 28,950.47 "
47,2,354,3,TRUE,33.88,0," 46,889.26 "
44,2,400,3,TRUE,35.86,0," 46,599.11 "
23,2,326,1,TRUE,32.775,1," 39,125.33 "
8,2,270,1,FALSE,30.59,0," 2,727.40 "
31,2,261,4,FALSE,30.2,2," 8,968.33 "
28,2,112,3,FALSE,24.31,5," 9,788.87 "
21,1,181,1,FALSE,27.265,1," 6,555.07 "
1,1,233,1,FALSE,29.165,0," 7,323.73 "
4,1,2,1,FALSE,16.815,1," 3,167.46 "
10,1,267,2,FALSE,30.4,3," 18,804.75 "
2,2,334,4,FALSE,33.1,0," 23,082.96 "
12,1,32,2,FALSE,20.235,2," 4,906.41 "
25,2,173,4,FALSE,26.9,0," 5,969.72 "
43,1,269,4,FALSE,30.5,0," 12,638.20 "
14,2,217,2,FALSE,28.595,1," 4,243.59 "
43,2,335,3,FALSE,33.11,3," 13,919.82 "
5,2,298,1,FALSE,31.73,0," 2,254.80 "
18,2,225,4,FALSE,28.9,3," 5,926.85 "
35,1,539,3,FALSE,46.75,5," 12,592.53 "
9,2,240,1,FALSE,29.45,0," 2,897.32 "
14,1,324,2,FALSE,32.68,1," 4,738.27 "
16,1,344,4,TRUE,33.5,0," 37,079.37 "
1,2,519,3,FALSE,43.01,0," 1,149.40 "
42,1,416,3,FALSE,36.52,1," 28,287.90 "
39,2,166,2,TRUE,26.695,1," 26,109.33 "
28,1,334,4,FALSE,33.1,0," 7,345.08 "
43,2,246,1,FALSE,29.64,0," 12,731.00 "
39,1,143,2,FALSE,25.65,0," 11,454.02 "
23,1,245,4,FALSE,29.6,0," 5,910.94 "
18,2,456,4,FALSE,38.6,1," 4,762.33 "
22,2,245,4,FALSE,29.6,4," 7,512.27 "
13,2,109,2,FALSE,24.13,1," 4,032.24 "
7,2,90,4,FALSE,23.4,0," 1,969.61 "
3,2,248,2,FALSE,29.735,0," 1,769.53 "
15,2,537,3,FALSE,46.53,2," 4,686.39 "
42,2,436,4,FALSE,37.4,0," 21,797.00 "
38,1,260,3,FALSE,30.14,2," 11,881.97 "
40,1,268,2,FALSE,30.495,0," 11,840.78 "
39,2,474,4,FALSE,39.6,0," 10,601.41 "
23,1,332,3,FALSE,33,3," 7,682.67 "
32,1,419,3,FALSE,36.63,3," 10,381.48 "
25,2,255,4,TRUE,30,0," 22,144.03 "
45,1,449,1,FALSE,38.095,2," 15,230.32 "
39,2,151,1,FALSE,25.935,0," 11,165.42 "
2,2,132,2,FALSE,25.175,0," 1,632.04 "
13,1,212,3,TRUE,28.38,1," 19,521.97 "
43,1,220,4,FALSE,28.7,1," 13,224.69 "
39,1,353,2,FALSE,33.82,2," 12,643.38 "
11,1,113,1,FALSE,24.32,1," 23,288.93 "
1,1,107,3,FALSE,24.09,1," 2,201.10 "
10,2,323,3,FALSE,32.67,0," 2,497.04 "
1,1,259,1,FALSE,30.115,0," 2,203.47 "
2,1,249,4,FALSE,29.8,0," 1,744.47 "
30,1,341,1,FALSE,33.345,0," 20,878.78 "
37,2,131,4,TRUE,25.1,3," 25,382.30 "
44,2,211,2,TRUE,28.31,1," 28,868.66 "
7,2,216,1,TRUE,28.5,0," 35,147.53 "
8,2,393,2,FALSE,35.625,0," 2,534.39 "
4,2,423,3,FALSE,36.85,0," 1,534.30 "
6,2,320,3,FALSE,32.56,0," 1,824.29 "
46,2,502,2,FALSE,41.325,3," 15,555.19 "
32,2,438,3,FALSE,37.51,2," 9,304.70 "
1,1,288,3,FALSE,31.35,0," 1,622.19 "
34,1,472,4,FALSE,39.5,1," 9,880.07 "
31,2,363,4,FALSE,34.3,3," 9,563.03 "
14,1,280,1,FALSE,31.065,0," 4,347.02 "
37,1,51,2,FALSE,21.47,3," 12,475.35 "
2,2,220,4,FALSE,28.7,0," 1,253.94 "
27,1,448,3,TRUE,38.06,0," 48,885.14 "
36,2,283,2,FALSE,31.16,1," 10,461.98 "
2,1,330,4,FALSE,32.9,0," 1,748.77 "
44,1,130,3,FALSE,25.08,0," 24,513.09 "
1,1,130,1,FALSE,25.08,0," 2,196.47 "
44,2,522,4,FALSE,43.4,0," 12,574.05 "
4,2,144,4,TRUE,25.7,4," 17,942.11 "
3,2,199,1,FALSE,27.93,0," 1,967.02 "
14,1,94,4,FALSE,23.6,2," 4,931.65 "
28,2,220,4,FALSE,28.7,2," 8,027.97 "
27,1,105,3,FALSE,23.98,2," 8,211.10 "
45,1,466,4,FALSE,39.2,0," 13,470.86 "
12,2,366,4,TRUE,34.4,0," 36,197.70 "
26,2,152,1,FALSE,26.03,0," 6,837.37 "
34,2,85,3,TRUE,23.21,1," 22,218.11 "
2,2,263,3,TRUE,30.25,0," 32,548.34 "
21,1,226,3,FALSE,28.93,1," 5,974.38 "
20,2,275,2,FALSE,30.875,3," 6,796.86 "
5,2,288,2,FALSE,31.35,1," 2,643.27 "
4,2,98,2,FALSE,23.75,2," 3,077.10 "
7,1,134,1,FALSE,25.27,0," 3,044.21 "
40,1,220,4,FALSE,28.7,0," 11,455.28 "
39,2,308,1,FALSE,32.11,1," 11,763.00 "
10,2,348,3,FALSE,33.66,0," 2,498.41 "
34,2,70,1,FALSE,22.42,0," 9,361.33 "
2,2,267,4,FALSE,30.4,0," 1,256.30 "
22,2,210,4,TRUE,28.3,1," 21,082.16 "
41,2,395,4,FALSE,35.7,0," 11,362.76 "
3,2,386,3,FALSE,35.31,1," 27,724.29 "
28,2,268,2,FALSE,30.495,2," 8,413.46 "
18,1,278,4,FALSE,31,1," 5,240.77 "
14,2,275,1,FALSE,30.875,0," 3,857.76 "
33,1,184,1,FALSE,27.36,0," 25,656.58 "
15,1,526,3,FALSE,44.22,0," 3,994.18 "
34,1,355,1,FALSE,33.915,0," 9,866.30 "
21,1,443,3,FALSE,37.73,0," 5,397.62 "
25,2,153,3,TRUE,26.07,1," 38,245.59 "
1,1,354,3,FALSE,33.88,0," 11,482.63 "
2,1,270,2,FALSE,30.59,2," 24,059.68 "
34,1,147,4,FALSE,25.8,1," 9,861.03 "
29,2,470,1,FALSE,39.425,1," 8,342.91 "
1,2,139,1,FALSE,25.46,0," 1,708.00 "
40,2,509,3,TRUE,42.13,1," 48,675.52 "
45,1,298,1,FALSE,31.73,0," 14,043.48 "
42,2,247,3,FALSE,29.7,2," 12,925.89 "
20,2,408,3,FALSE,36.19,0," 19,214.71 "
47,2,492,3,FALSE,40.48,0," 13,831.12 "
21,2,202,1,FALSE,28.025,1," 6,067.13 "
16,1,459,4,FALSE,38.9,3," 5,972.38 "
29,1,261,4,FALSE,30.2,2," 8,825.09 "
29,1,203,3,FALSE,28.05,1," 8,233.10 "
36,2,288,3,FALSE,31.35,0," 27,346.04 "
17,1,447,4,FALSE,38,3," 6,196.45 "
3,1,299,3,FALSE,31.79,2," 3,056.39 "
46,1,412,3,FALSE,36.3,0," 13,887.20 "
37,1,540,3,TRUE,47.41,0," 63,770.43 "
37,2,262,2,FALSE,30.21,0," 10,231.50 "
32,2,148,2,TRUE,25.84,2," 23,807.24 "
11,2,389,1,FALSE,35.435,0," 3,268.85 "
37,1,538,4,FALSE,46.7,2," 11,538.42 "
8,1,217,1,FALSE,28.595,0," 3,213.62 "
26,1,536,3,TRUE,46.2,0," 45,863.21 "
46,2,274,4,FALSE,30.8,0," 13,390.56 "
15,1,226,3,FALSE,28.93,0," 3,972.92 "
45,2,50,4,FALSE,21.4,0," 12,957.12 "
35,1,298,2,FALSE,31.73,2," 11,187.66 "
8,1,502,1,FALSE,41.325,0," 17,878.90 "
11,2,100,4,FALSE,23.8,2," 3,847.67 "
29,2,343,1,FALSE,33.44,1," 8,334.59 "
17,2,361,3,FALSE,34.21,0," 3,935.18 "
18,1,359,2,TRUE,34.105,3," 39,983.43 "
2,2,391,2,FALSE,35.53,0," 1,646.43 "
29,1,28,2,FALSE,19.95,2," 9,193.84 "
37,1,324,1,FALSE,32.68,0," 10,923.93 "
10,2,269,4,FALSE,30.5,0," 2,494.02 "
33,2,529,3,FALSE,44.77,1," 9,058.73 "
1,1,309,3,FALSE,32.12,2," 2,801.26 "
2,1,268,2,FALSE,30.495,0," 2,128.43 "
21,1,494,2,FALSE,40.565,1," 6,373.56 "
24,2,270,2,FALSE,30.59,2," 7,256.72 "
32,1,302,4,FALSE,31.9,5," 11,552.90 "
31,2,494,2,TRUE,40.565,2," 45,702.02 "
14,1,231,4,FALSE,29.1,0," 3,761.29 "
1,1,433,3,FALSE,37.29,1," 2,219.45 "
13,1,520,3,FALSE,43.12,2," 4,753.64 "
45,1,424,1,FALSE,36.86,1," 31,620.00 "
40,1,362,1,FALSE,34.295,2," 13,224.06 "
41,1,179,2,FALSE,27.17,0," 12,222.90 "
5,2,171,3,FALSE,26.84,0," 1,665.00 "
14,1,449,1,TRUE,38.095,1," 58,571.07 "
35,2,261,4,FALSE,30.2,1," 9,724.53 "
8,1,91,1,FALSE,23.465,0," 3,206.49 "
42,2,139,1,FALSE,25.46,1," 12,913.99 "
2,2,270,2,FALSE,30.59,0," 1,639.56 "
22,2,532,3,FALSE,45.43,2," 6,356.27 "
15,1,95,3,FALSE,23.65,1," 17,626.24 "
2,2,40,4,FALSE,20.7,0," 1,242.82 "
16,1,209,3,FALSE,28.27,1," 4,779.60 "
4,2,32,1,FALSE,20.235,3," 3,861.21 "
17,1,262,2,TRUE,30.21,1," 43,943.88 "
44,1,402,1,FALSE,35.91,0," 13,635.64 "
21,1,272,3,FALSE,30.69,1," 5,976.83 "
41,1,228,4,FALSE,29,0," 11,842.44 "
30,2,25,2,FALSE,19.57,1," 8,428.07 "
3,2,282,3,FALSE,31.13,2," 2,566.47 "
4,1,60,1,TRUE,21.85,1," 15,359.10 "
24,2,486,3,FALSE,40.26,0," 5,709.16 "
29,1,350,1,FALSE,33.725,1," 8,823.99 "
25,1,241,3,FALSE,29.48,2," 7,640.31 "
17,1,338,1,FALSE,33.25,1," 5,594.85 "
26,2,322,4,FALSE,32.6,2," 7,441.50 "
35,1,439,2,FALSE,37.525,2," 33,471.97 "
1,1,465,3,FALSE,39.16,0," 1,633.04 "
34,2,296,2,FALSE,31.635,0," 9,174.14 "
39,1,135,4,FALSE,25.3,0," 11,070.54 "
47,1,462,3,FALSE,39.05,3," 16,085.13 "
2,1,211,2,TRUE,28.31,0," 17,468.98 "
34,1,358,3,FALSE,34.1,0," 9,283.56 "
10,1,132,1,FALSE,25.175,0," 3,558.62 "
42,1,96,2,TRUE,23.655,0," 25,678.78 "
11,2,174,1,FALSE,26.98,2," 4,435.09 "
13,2,444,4,TRUE,37.8,2," 39,241.44 "
30,1,238,3,FALSE,29.37,1," 8,547.69 "
21,1,375,4,FALSE,34.8,2," 6,571.54 "
1,1,336,1,FALSE,33.155,0," 2,207.70 "
17,1,20,1,FALSE,19,3," 6,753.04 "
3,1,332,3,FALSE,33,0," 1,880.07 "
30,1,419,3,TRUE,36.63,1," 42,969.85 "
39,1,217,1,FALSE,28.595,0," 11,658.12 "
32,2,142,4,TRUE,25.6,2," 23,306.55 "
2,1,335,3,TRUE,33.11,0," 34,439.86 "
38,1,430,4,FALSE,37.1,0," 10,713.64 "
13,2,289,4,FALSE,31.4,1," 3,659.35 "
20,2,358,4,TRUE,34.1,4," 40,182.25 "
32,1,48,4,FALSE,21.3,1," 9,182.17 "
1,2,345,1,TRUE,33.535,0," 34,617.84 "
42,2,221,2,FALSE,28.785,0," 12,129.61 "
12,1,152,2,FALSE,26.03,0," 3,736.46 "
19,2,224,1,FALSE,28.88,3," 6,748.59 "
16,2,513,3,FALSE,42.46,1," 11,326.71 "
41,2,447,4,FALSE,38,0," 11,365.95 "
27,1,461,2,TRUE,38.95,0," 42,983.46 "
36,2,407,4,FALSE,36.1,1," 10,085.85 "
7,2,236,4,FALSE,29.3,0," 1,977.82 "
12,1,391,3,FALSE,35.53,0," 3,366.67 "
23,2,74,1,FALSE,22.705,2," 7,173.36 "
34,2,476,4,FALSE,39.7,1," 9,391.35 "
47,2,451,1,FALSE,38.19,0," 14,410.93 "
2,1,117,2,FALSE,24.51,1," 2,709.11 "
18,1,449,1,FALSE,38.095,2," 24,915.05 "
22,2,161,1,TRUE,26.41,0," 20,149.32 "
39,2,348,3,FALSE,33.66,4," 12,949.16 "
16,2,512,4,FALSE,42.4,5," 6,666.24 "
25,2,211,2,TRUE,28.31,3," 32,787.46 "
44,2,355,1,FALSE,33.915,0," 13,143.86 "
6,1,379,2,FALSE,34.96,3," 4,466.62 "
26,2,386,3,FALSE,35.31,2," 18,806.15 "
31,2,273,1,FALSE,30.78,3," 10,141.14 "
22,2,157,2,FALSE,26.22,1," 6,123.57 "
23,1,89,1,FALSE,23.37,3," 8,252.28 "
1,2,216,1,FALSE,28.5,0," 1,712.23 "
41,1,331,1,FALSE,32.965,0," 12,430.95 "
32,1,515,3,FALSE,42.68,2," 9,800.89 "
36,1,474,3,FALSE,39.6,1," 10,579.71 "
31,1,282,3,FALSE,31.13,0," 8,280.62 "
28,1,412,3,FALSE,36.3,2," 8,527.53 "
42,1,383,3,FALSE,35.2,0," 12,244.53 "
35,1,135,3,TRUE,25.3,2," 24,667.42 "
9,1,512,4,FALSE,42.4,1," 3,410.32 "
10,2,336,2,FALSE,33.155,2," 4,058.71 "
31,1,402,1,FALSE,35.91,1," 26,392.26 "
40,1,221,1,FALSE,28.785,4," 14,394.40 "
20,2,537,3,FALSE,46.53,3," 6,435.62 "
40,1,105,3,FALSE,23.98,1," 22,192.44 "
15,1,293,1,FALSE,31.54,1," 5,148.55 "
1,2,348,3,FALSE,33.66,0," 1,136.40 "
47,1,79,3,TRUE,22.99,0," 27,037.91 "
26,2,448,3,TRUE,38.06,2," 42,560.43 "
32,2,220,4,FALSE,28.7,1," 8,703.46 "
23,1,326,2,TRUE,32.775,2," 40,003.33 "
45,2,306,1,TRUE,32.015,0," 45,710.21 "
23,1,250,3,FALSE,29.81,1," 6,500.24 "
13,2,294,3,FALSE,31.57,3," 4,837.58 "
12,1,283,1,FALSE,31.16,0," 3,943.60 "
19,2,247,3,FALSE,29.7,0," 4,399.73 "
24,1,279,3,FALSE,31.02,0," 6,185.32 "
27,1,524,3,TRUE,43.89,2," 46,200.99 "
28,2,49,2,FALSE,21.375,0," 7,222.79 "
38,1,496,3,FALSE,40.81,3," 12,485.80 "
43,2,288,2,TRUE,31.35,3," 46,130.53 "
39,2,407,4,FALSE,36.1,3," 12,363.55 "
32,1,83,2,FALSE,23.18,2," 10,156.78 "
4,1,6,4,FALSE,17.4,1," 2,585.27 "
2,2,33,4,FALSE,20.3,0," 1,242.26 "
22,2,385,4,TRUE,35.3,2," 40,103.89 "
36,2,113,2,FALSE,24.32,0," 9,863.47 "
16,1,16,4,FALSE,18.5,1," 4,766.02 "
36,2,161,1,FALSE,26.41,2," 11,244.38 "
25,2,154,1,FALSE,26.125,2," 7,729.65 "
23,2,505,3,FALSE,41.69,0," 5,438.75 "
30,1,108,4,FALSE,24.1,1," 26,236.58 "
10,2,282,3,TRUE,31.13,1," 34,806.47 "
4,2,184,1,FALSE,27.36,0," 2,104.11 "
30,2,410,4,FALSE,36.2,1," 8,068.19 "
3,2,315,2,FALSE,32.395,1," 2,362.23 "
7,2,96,2,FALSE,23.655,0," 2,352.97 "
10,1,375,4,FALSE,34.8,1," 3,578.00 "
9,1,485,2,FALSE,40.185,0," 3,201.25 "
36,1,313,1,FALSE,32.3,2," 29,186.48 "
24,2,397,3,TRUE,35.75,1," 40,273.65 "
39,2,350,2,FALSE,33.725,0," 10,976.25 "
6,1,467,3,FALSE,39.27,2," 3,500.61 "
4,1,377,3,FALSE,34.87,0," 2,020.55 "
33,1,528,1,FALSE,44.745,0," 9,541.70 "
36,2,504,3,FALSE,41.47,0," 9,504.31 "
17,1,161,2,FALSE,26.41,1," 5,385.34 "
30,1,243,2,FALSE,29.545,1," 8,930.93 "
16,1,330,4,FALSE,32.9,2," 5,375.04 "
34,1,448,3,TRUE,38.06,0," 44,400.41 "
32,2,219,2,FALSE,28.69,3," 10,264.44 "
14,1,268,1,FALSE,30.495,3," 6,113.23 "
19,1,194,1,FALSE,27.74,0," 5,469.01 "
1,2,383,3,FALSE,35.2,1," 1,727.54 "
33,1,92,3,FALSE,23.54,2," 10,107.22 "
26,1,271,2,FALSE,30.685,2," 8,310.84 "
3,2,491,1,FALSE,40.47,0," 1,984.45 "
7,1,72,4,FALSE,22.6,0," 2,457.50 "
43,2,225,4,FALSE,28.9,0," 12,146.97 "
32,1,73,2,FALSE,22.61,1," 9,566.99 "
43,2,113,2,FALSE,24.32,1," 13,112.60 "
34,1,420,2,FALSE,36.67,2," 10,848.13 "
41,1,343,2,FALSE,33.44,0," 12,231.61 "
34,1,495,1,FALSE,40.66,0," 9,875.68 "
36,2,418,4,FALSE,36.6,3," 11,264.54 "
45,2,436,4,FALSE,37.4,0," 12,979.36 "
2,2,387,4,FALSE,35.4,0," 1,263.25 "
33,1,177,1,FALSE,27.075,1," 10,106.13 "
13,1,462,3,TRUE,39.05,3," 40,932.43 "
24,2,214,2,FALSE,28.405,1," 6,664.69 "
12,1,57,1,TRUE,21.755,1," 16,657.72 "
1,1,487,1,FALSE,40.28,0," 2,217.60 "
24,1,406,3,FALSE,36.08,1," 6,781.35 "
18,2,116,3,TRUE,24.42,3," 19,362.00 "
36,2,50,4,FALSE,21.4,1," 10,065.41 "
7,1,258,4,FALSE,30.1,3," 4,234.93 "
31,1,181,1,FALSE,27.265,1," 9,447.25 "
42,1,307,4,FALSE,32.1,3," 14,007.22 "
32,1,374,2,FALSE,34.77,1," 9,583.89 "
20,1,455,3,TRUE,38.39,0," 40,419.02 "
9,2,97,4,FALSE,23.7,2," 3,484.33 "
6,2,298,1,TRUE,31.73,3," 36,189.10 "
12,2,390,4,TRUE,35.5,2," 44,585.46 "
28,2,106,1,FALSE,24.035,2," 8,604.48 "
10,2,232,3,TRUE,29.15,0," 18,246.50 "
36,2,359,1,TRUE,34.105,0," 43,254.42 "
14,1,165,3,FALSE,26.62,0," 3,757.84 "
33,2,161,2,FALSE,26.41,0," 8,827.21 "
33,1,259,2,FALSE,30.115,1," 9,910.36 "
17,2,175,4,FALSE,27,2," 11,737.85 "
2,2,57,2,FALSE,21.755,0," 1,627.28 "
30,1,404,4,FALSE,36,1," 8,556.91 "
11,2,275,2,FALSE,30.875,0," 3,062.51 "
20,1,160,3,TRUE,26.4,0," 19,539.24 "
4,2,227,2,FALSE,28.975,0," 1,906.36 "
47,2,446,2,FALSE,37.905,0," 14,210.54 "
41,1,75,3,FALSE,22.77,0," 11,833.78 "
7,2,347,1,FALSE,33.63,4," 17,128.43 "
14,2,191,1,FALSE,27.645,2," 5,031.27 "
22,1,76,1,FALSE,22.8,3," 7,985.82 "
30,1,196,3,TRUE,27.83,0," 23,065.42 "
13,2,437,1,FALSE,37.43,3," 5,428.73 "
1,2,450,3,TRUE,38.17,0," 36,307.80 "
5,1,370,1,FALSE,34.58,2," 3,925.76 "
6,2,383,4,FALSE,35.2,1," 2,416.96 "
16,2,178,4,TRUE,27.1,1," 19,040.88 "
10,2,152,1,FALSE,26.03,0," 3,070.81 "
28,1,132,1,FALSE,25.175,2," 9,095.07 "
40,1,301,2,FALSE,31.825,0," 11,842.62 "
30,2,313,4,FALSE,32.3,1," 8,062.76 "
25,1,228,4,FALSE,29,1," 7,050.64 "
47,1,476,4,FALSE,39.7,0," 14,319.03 "
21,1,24,2,FALSE,19.475,2," 6,933.24 "
44,2,407,4,FALSE,36.1,3," 27,941.29 "
36,1,167,4,FALSE,26.7,2," 11,150.78 "
27,1,415,1,FALSE,36.48,0," 12,797.21 "
2,1,224,2,TRUE,28.88,0," 17,748.51 "
24,2,360,2,FALSE,34.2,2," 7,261.74 "
34,2,340,3,FALSE,33.33,3," 10,560.49 "
23,2,313,2,FALSE,32.3,2," 6,986.70 "
28,2,479,1,FALSE,39.805,0," 7,448.40 "
18,2,364,3,FALSE,34.32,3," 5,934.38 "
36,2,224,2,FALSE,28.88,0," 9,869.81 "
13,2,114,4,TRUE,24.4,3," 18,259.22 "
1,2,500,3,FALSE,41.14,0," 1,146.80 "
34,2,403,3,FALSE,35.97,1," 9,386.16 "
33,1,189,4,TRUE,27.6,1," 24,520.26 "
14,1,235,3,FALSE,29.26,1," 4,350.51 "
18,1,192,4,FALSE,27.7,3," 6,414.18 "
43,2,425,1,FALSE,36.955,0," 12,741.17 "
4,2,424,2,FALSE,36.86,0," 1,917.32 "
12,2,71,1,FALSE,22.515,3," 5,209.58 "
45,1,253,3,FALSE,29.92,0," 13,457.96 "
22,1,506,3,FALSE,41.8,0," 5,662.23 "
2,2,189,4,FALSE,27.6,0," 1,252.41 "
5,1,83,1,FALSE,23.18,0," 2,731.91 "
36,2,43,3,TRUE,20.9,0," 21,195.82 "
22,1,303,2,FALSE,31.92,2," 7,209.49 "
10,2,216,2,TRUE,28.5,0," 18,310.74 "
13,2,526,3,FALSE,44.22,2," 4,266.17 "
13,1,78,1,FALSE,22.895,1," 4,719.52 "
41,1,334,4,FALSE,33.1,0," 11,848.14 "
16,2,124,1,TRUE,24.795,0," 17,904.53 "
25,1,155,3,FALSE,26.18,1," 7,046.72 "
47,1,403,3,FALSE,35.97,0," 14,313.85 "
4,2,69,4,FALSE,22.3,1," 2,103.08 "
1,1,510,3,TRUE,42.24,0," 38,792.69 "
6,2,163,3,FALSE,26.51,0," 1,815.88 "
28,1,399,2,FALSE,35.815,0," 7,731.86 "
23,1,503,2,FALSE,41.42,1," 28,476.73 "
2,1,417,2,FALSE,36.575,0," 2,136.88 "
1,2,260,3,FALSE,30.14,0," 1,131.51 "
8,2,148,1,FALSE,25.84,1," 3,309.79 "
29,1,274,4,FALSE,30.8,3," 9,414.92 "
16,1,518,2,FALSE,42.94,3," 6,360.99 "
37,2,44,3,FALSE,21.01,2," 11,013.71 "
11,2,71,1,FALSE,22.515,2," 4,428.89 "
19,2,367,3,FALSE,34.43,2," 5,584.31 "
3,1,291,3,FALSE,31.46,0," 1,877.93 "
7,1,110,2,FALSE,24.225,0," 2,842.76 "
6,2,430,4,FALSE,37.1,3," 3,597.60 "
30,1,154,1,TRUE,26.125,1," 23,401.31 "
16,1,391,2,TRUE,35.53,0," 55,135.40 "
28,2,349,4,FALSE,33.7,1," 7,445.92 "
9,2,8,2,FALSE,17.67,0," 2,680.95 "
1,1,282,3,FALSE,31.13,0," 1,621.88 "
27,1,250,3,FALSE,29.81,2," 8,219.20 "
43,2,113,2,FALSE,24.32,0," 12,523.60 "
47,1,301,1,FALSE,31.825,2," 16,069.08 "
39,2,299,3,TRUE,31.79,2," 43,813.87 "
19,2,202,1,TRUE,28.025,1," 20,773.63 "
24,2,273,1,TRUE,30.78,3," 39,597.41 "
22,2,60,2,FALSE,21.85,1," 6,117.49 "
46,2,334,4,FALSE,33.1,0," 13,393.76 "
19,1,148,2,FALSE,25.84,0," 5,266.37 "
11,1,101,2,FALSE,23.845,2," 4,719.74 "
41,2,365,2,FALSE,34.39,0," 11,743.93 "
19,2,353,2,FALSE,33.82,1," 5,377.46 "
25,2,403,3,FALSE,35.97,2," 7,160.33 "
19,2,292,4,FALSE,31.5,0," 4,402.23 "
39,1,211,1,FALSE,28.31,0," 11,657.72 "
18,1,91,1,FALSE,23.465,2," 6,402.29 "
42,1,288,2,FALSE,31.35,0," 12,622.18 "
4,2,281,4,FALSE,31.1,0," 1,526.31 "
42,2,122,1,FALSE,24.7,0," 12,323.94 "
6,1,327,3,TRUE,32.78,2," 36,021.01 "
40,1,250,3,TRUE,29.81,0," 27,533.91 "
36,2,268,1,FALSE,30.495,0," 10,072.06 "
43,1,317,3,TRUE,32.45,0," 45,008.96 "
34,1,360,4,FALSE,34.2,1," 9,872.70 "
6,2,546,3,FALSE,50.38,1," 2,438.06 "
10,1,108,4,FALSE,24.1,0," 2,974.13 "
38,2,326,2,FALSE,32.775,0," 10,601.63 "
20,1,273,1,TRUE,30.78,0," 37,270.15 "
44,2,313,2,FALSE,32.3,2," 14,119.62 "
29,1,391,1,TRUE,35.53,0," 42,111.66 "
36,1,98,1,FALSE,23.75,2," 11,729.68 "
32,1,101,1,TRUE,23.845,3," 24,106.91 "
3,1,245,4,FALSE,29.6,0," 1,875.34 "
31,1,335,3,TRUE,33.11,0," 40,974.16 "
8,2,109,2,TRUE,24.13,0," 15,817.99 "
8,1,312,3,FALSE,32.23,1," 18,218.16 "
40,2,204,4,FALSE,28.1,0," 10,965.45 "
20,1,542,4,TRUE,47.6,2," 46,113.51 "
21,1,201,4,FALSE,28,3," 7,151.09 "
38,1,345,2,FALSE,33.535,2," 12,269.69 "
19,1,27,1,FALSE,19.855,0," 5,458.05 "
34,2,137,4,FALSE,25.4,0," 8,782.47 "
23,2,252,4,FALSE,29.9,2," 6,600.36 "
1,2,433,3,FALSE,37.29,0," 1,141.45 "
40,2,523,4,FALSE,43.7,1," 11,576.13 "
44,2,96,1,FALSE,23.655,0," 13,129.60 "
8,1,111,4,FALSE,24.3,3," 4,391.65 "
33,2,410,4,FALSE,36.2,0," 8,457.82 "
9,1,241,3,FALSE,29.48,1," 3,392.37 "
25,2,125,3,FALSE,24.86,0," 5,966.89 "
26,2,258,4,FALSE,30.1,1," 6,849.03 "
27,2,60,1,FALSE,21.85,3," 8,891.14 "
6,1,205,2,FALSE,28.12,0," 2,690.11 "
32,1,178,4,FALSE,27.1,1," 26,140.36 "
16,2,343,3,FALSE,33.44,5," 6,653.79 "
24,2,222,4,FALSE,28.8,1," 6,282.24 "
20,1,242,4,FALSE,29.5,2," 6,311.95 "
5,2,375,4,FALSE,34.8,3," 3,443.06 "
6,2,184,2,FALSE,27.36,1," 2,789.06 "
4,1,66,1,FALSE,22.135,0," 2,585.85 "
34,1,428,1,TRUE,37.05,3," 46,255.11 "
8,2,166,2,FALSE,26.695,4," 4,877.98 "
15,2,226,3,TRUE,28.93,1," 19,719.69 "
40,2,227,1,TRUE,28.975,0," 27,218.44 "
19,1,256,2,FALSE,30.02,0," 5,272.18 "
5,2,472,4,FALSE,39.5,0," 1,682.60 "
40,2,347,2,FALSE,33.63,1," 11,945.13 "
47,1,172,2,TRUE,26.885,0," 29,330.98 "
19,1,229,3,FALSE,29.04,4," 7,243.81 "
37,2,106,1,FALSE,24.035,0," 10,422.92 "
30,2,460,3,TRUE,38.94,2," 44,202.65 "
45,2,308,1,FALSE,32.11,0," 13,555.00 "
44,1,525,4,FALSE,44,0," 13,063.88 "
26,1,29,1,TRUE,20.045,2," 19,798.05 "
2,2,141,2,FALSE,25.555,1," 2,221.56 "
1,1,486,3,FALSE,40.26,0," 1,634.57 "
2,1,71,2,FALSE,22.515,0," 2,117.34 "
32,2,71,1,FALSE,22.515,0," 8,688.86 "
43,2,497,3,TRUE,40.92,0," 48,673.56 "
9,2,181,1,FALSE,27.265,3," 4,661.29 "
32,2,423,3,FALSE,36.85,0," 8,125.78 "
43,1,381,4,FALSE,35.1,0," 12,644.59 "
9,1,237,1,FALSE,29.355,2," 4,564.19 "
10,2,321,1,FALSE,32.585,3," 4,846.92 "
27,1,314,3,FALSE,32.34,1," 7,633.72 "
46,2,478,4,FALSE,39.8,3," 15,170.07 "
15,1,119,4,TRUE,24.6,0," 17,496.31 "
5,2,211,2,FALSE,28.31,1," 2,639.04 "
1,2,298,1,TRUE,31.73,0," 33,732.69 "
42,1,166,2,FALSE,26.695,3," 14,382.71 "
27,1,187,4,FALSE,27.5,1," 7,626.99 "
16,2,120,2,FALSE,24.605,2," 5,257.51 "
7,1,356,3,FALSE,33.99,0," 2,473.33 "
26,1,172,2,TRUE,26.885,0," 21,774.32 "
28,2,78,1,TRUE,22.895,0," 35,069.37 "
44,1,207,4,FALSE,28.2,0," 13,041.92 "
18,1,361,3,FALSE,34.21,1," 5,245.23 "
45,1,129,4,FALSE,25,0," 13,451.12 "
45,1,337,4,FALSE,33.2,0," 13,462.52 "
21,2,278,4,FALSE,31,1," 5,488.26 "
17,2,399,2,FALSE,35.815,0," 4,320.41 "
26,2,84,4,FALSE,23.2,0," 6,250.44 "
33,2,308,1,FALSE,32.11,2," 25,333.33 "
2,1,90,4,FALSE,23.4,2," 2,913.57 "
40,1,30,4,FALSE,20.1,1," 12,032.33 "
45,1,465,3,FALSE,39.16,0," 13,470.80 "
24,2,361,3,FALSE,34.21,1," 6,289.75 "
9,2,537,3,FALSE,46.53,1," 2,927.06 "
22,1,319,4,FALSE,32.5,1," 6,238.30 "
29,2,147,4,FALSE,25.8,5," 10,096.97 "
28,1,385,4,FALSE,35.3,0," 7,348.14 "
15,2,432,3,FALSE,37.18,2," 4,673.39 "
42,1,187,4,FALSE,27.5,0," 12,233.83 "
27,2,248,1,FALSE,29.735,2," 32,108.66 "
22,1,110,2,FALSE,24.225,5," 8,965.80 "
1,2,155,3,FALSE,26.18,2," 2,304.00 "
36,2,241,3,FALSE,29.48,0," 9,487.64 "
1,2,85,3,FALSE,23.21,0," 1,121.87 "
33,1,535,3,FALSE,46.09,1," 9,549.57 "
1,1,485,1,FALSE,40.185,0," 2,217.47 "
2,2,73,2,FALSE,22.61,0," 1,628.47 "
45,2,482,3,FALSE,39.93,0," 12,982.87 "
39,1,398,4,FALSE,35.8,1," 11,674.13 "
25,2,398,4,FALSE,35.8,2," 7,160.09 "
20,2,360,1,TRUE,34.2,1," 39,047.29 "
25,2,286,2,FALSE,31.255,0," 6,358.78 "
8,2,247,4,TRUE,29.7,3," 19,933.46 "
40,2,15,1,FALSE,18.335,0," 11,534.87 "
34,2,517,3,TRUE,42.9,2," 47,462.89 "
13,1,214,2,FALSE,28.405,1," 4,527.18 "
27,2,261,4,TRUE,30.2,2," 38,998.55 "
17,2,197,2,TRUE,27.835,1," 20,009.63 "
14,2,471,3,FALSE,39.49,1," 3,875.73 "
37,2,274,3,TRUE,30.8,1," 41,999.52 "
7,2,169,2,FALSE,26.79,1," 12,609.89 "
26,2,379,1,TRUE,34.96,1," 41,034.22 "
31,2,420,2,FALSE,36.67,1," 28,468.92 "
2,1,475,2,FALSE,39.615,1," 2,730.11 "
12,1,150,4,FALSE,25.9,0," 3,353.28 "
46,1,383,3,FALSE,35.2,1," 14,474.68 "
29,2,124,1,FALSE,24.795,3," 9,500.57 "
35,2,422,2,FALSE,36.765,2," 26,467.10 "
18,2,178,4,FALSE,27.1,1," 4,746.34 "
34,2,124,2,TRUE,24.795,2," 23,967.38 "
27,2,136,2,FALSE,25.365,1," 7,518.03 "
4,2,146,1,FALSE,25.745,2," 3,279.87 "
22,1,364,3,FALSE,34.32,5," 8,596.83 "
33,1,206,3,FALSE,28.16,3," 10,702.64 "
17,1,93,1,FALSE,23.56,0," 4,992.38 "
5,1,32,2,FALSE,20.235,0," 2,527.82 "
2,1,493,4,FALSE,40.5,0," 1,759.34 "
9,2,388,3,FALSE,35.42,0," 2,322.62 "
12,2,78,1,TRUE,22.895,0," 16,138.76 "
31,2,484,3,FALSE,40.15,0," 7,804.16 "
9,2,232,3,FALSE,29.15,1," 2,902.91 "
28,1,483,1,FALSE,39.995,3," 9,704.67 "
19,1,253,3,FALSE,29.92,0," 4,889.04 "
37,2,139,1,FALSE,25.46,1," 25,517.11 "
17,2,49,1,FALSE,21.375,0," 4,500.34 "
14,2,150,4,TRUE,25.9,3," 19,199.94 "
10,1,270,1,FALSE,30.59,1," 16,796.41 "
3,2,259,1,FALSE,30.115,5," 4,915.06 "
27,1,147,4,FALSE,25.8,1," 7,624.63 "
26,2,259,2,FALSE,30.115,3," 8,410.05 "
28,1,191,2,FALSE,27.645,1," 28,340.19 "
17,2,372,1,FALSE,34.675,0," 4,518.83 "
7,1,37,1,TRUE,20.52,0," 14,571.89 "
9,1,26,4,FALSE,19.8,1," 3,378.91 "
21,1,197,1,FALSE,27.835,2," 7,144.86 "
33,1,295,4,FALSE,31.6,2," 10,118.42 "
21,2,209,3,FALSE,28.27,1," 5,484.47 "
10,1,29,2,TRUE,20.045,3," 16,420.49 "
22,1,86,1,FALSE,23.275,3," 7,986.48 "
22,1,358,4,FALSE,34.1,3," 7,418.52 "
46,1,423,3,FALSE,36.85,0," 13,887.97 "
16,1,411,1,FALSE,36.29,3," 6,551.75 "
19,1,172,2,FALSE,26.885,0," 5,267.82 "
13,2,79,2,TRUE,22.99,2," 17,361.77 "
7,2,325,4,TRUE,32.7,0," 34,472.84 "
7,2,147,4,FALSE,25.8,0," 1,972.95 "
31,2,245,4,FALSE,29.6,0," 21,232.18 "
30,2,22,1,FALSE,19.19,1," 8,627.54 "
12,2,298,2,FALSE,31.73,2," 4,433.39 "
11,2,235,1,FALSE,29.26,2," 4,438.26 "
30,2,208,2,TRUE,28.215,3," 24,915.22 "
8,2,128,1,FALSE,24.985,2," 23,241.47 "
34,2,194,1,FALSE,27.74,1," 9,957.72 "
31,1,76,4,FALSE,22.8,0," 8,269.04 "
26,2,31,3,TRUE,20.13,2," 18,767.74 "
44,1,340,3,FALSE,33.33,4," 36,580.28 "
31,2,313,2,FALSE,32.3,1," 8,765.25 "
21,1,189,4,FALSE,27.6,0," 5,383.54 "
42,2,139,2,FALSE,25.46,0," 12,124.99 "
2,1,120,2,FALSE,24.605,1," 2,709.24 "
9,1,360,4,FALSE,34.2,2," 3,987.93 "
37,1,399,2,FALSE,35.815,3," 12,495.29 "
4,1,324,2,FALSE,32.68,2," 26,018.95 "
34,2,427,4,FALSE,37,0," 8,798.59 "
5,1,279,3,TRUE,31.02,3," 35,595.59 "
30,2,406,3,TRUE,36.08,1," 42,211.14 "
1,2,88,3,FALSE,23.32,1," 1,711.03 "
30,1,531,3,FALSE,45.32,1," 8,569.86 "
4,1,371,4,FALSE,34.6,0," 2,020.18 "
2,2,152,2,TRUE,26.03,1," 16,450.89 "
6,2,18,2,FALSE,18.715,0," 21,595.38 "
37,2,295,4,FALSE,31.6,0," 9,850.43 "
20,1,4,1,FALSE,17.29,2," 6,877.98 "
29,1,96,2,TRUE,23.655,1," 21,677.28 "
38,1,383,3,TRUE,35.2,0," 44,423.80 "
13,1,199,1,FALSE,27.93,0," 4,137.52 "
1,2,54,1,TRUE,21.565,0," 13,747.87 "
44,2,454,2,FALSE,38.38,0," 12,950.07 "
37,1,80,4,FALSE,23,3," 12,094.48 "
5,2,429,3,TRUE,37.07,2," 37,484.45 "
28,1,268,2,TRUE,30.495,1," 39,725.52 "
5,2,224,1,FALSE,28.88,0," 2,250.84 "
2,2,181,2,FALSE,27.265,2," 22,493.66 "
18,1,202,2,TRUE,28.025,0," 20,234.85 "
1,2,81,1,FALSE,23.085,0," 1,704.70 "
3,2,271,1,TRUE,30.685,0," 33,475.82 "
11,1,147,4,FALSE,25.8,0," 3,161.45 "
38,2,384,1,FALSE,35.245,1," 11,394.07 "
26,1,122,2,TRUE,24.7,2," 21,880.82 "
26,1,130,1,FALSE,25.08,0," 7,325.05 "
5,2,547,3,TRUE,52.58,1," 44,501.40 "
8,1,71,2,FALSE,22.515,1," 3,594.17 "
32,2,276,4,TRUE,30.9,0," 39,727.61 "
27,1,425,2,FALSE,36.955,1," 8,023.14 "
47,2,161,1,FALSE,26.41,0," 14,394.56 "
32,2,251,1,FALSE,29.83,1," 9,288.03 "
30,2,249,4,TRUE,29.8,3," 25,309.49 "
10,1,51,2,FALSE,21.47,0," 3,353.47 "
38,2,191,2,FALSE,27.645,0," 10,594.50 "
31,1,225,4,FALSE,28.9,0," 8,277.52 "
28,1,299,3,FALSE,31.79,0," 17,929.30 "
7,1,471,3,FALSE,39.49,0," 2,480.98 "
15,2,353,2,FALSE,33.82,1," 4,462.72 "
7,2,305,3,FALSE,32.01,0," 1,981.58 "
40,2,200,3,FALSE,27.94,1," 11,554.22 "
42,2,500,3,TRUE,41.14,1," 48,970.25 "
19,2,217,2,FALSE,28.595,3," 6,548.20 "
12,1,142,4,FALSE,25.6,4," 5,708.87 "
25,1,135,4,FALSE,25.3,1," 7,045.50 "
31,2,433,3,FALSE,37.29,2," 8,978.19 "
22,2,514,1,FALSE,42.655,0," 5,757.41 "
46,2,55,2,FALSE,21.66,1," 14,349.85 "
37,1,302,3,FALSE,31.9,1," 10,928.85 "
20,2,429,3,TRUE,37.07,1," 39,871.70 "
46,2,290,1,FALSE,31.445,0," 13,974.46 "
4,2,286,2,FALSE,31.255,0," 1,909.53 "
37,1,224,1,FALSE,28.88,2," 12,096.65 "
43,1,15,1,FALSE,18.335,0," 13,204.29 "
15,1,244,3,FALSE,29.59,1," 4,562.84 "
30,1,304,4,FALSE,32,1," 8,551.35 "
4,2,152,1,FALSE,26.03,0," 2,102.26 "
11,2,297,3,TRUE,31.68,0," 34,672.15 "
46,2,348,3,FALSE,33.66,3," 15,161.53 "
1,2,58,3,FALSE,21.78,2," 11,884.05 "
15,2,197,2,FALSE,27.835,1," 4,454.40 "
21,2,28,2,FALSE,19.95,1," 5,855.90 "
15,2,292,4,FALSE,31.5,1," 4,076.50 "
45,1,268,2,FALSE,30.495,2," 15,019.76 "
22,1,14,4,TRUE,18.3,5," 19,023.26 "
38,2,227,1,FALSE,28.975,0," 10,796.35 "
40,2,293,2,FALSE,31.54,0," 11,353.23 "
35,2,543,3,FALSE,47.74,1," 9,748.91 "
39,2,65,4,FALSE,22.1,0," 10,577.09 "
30,2,408,3,TRUE,36.19,0," 41,676.08 "
38,1,251,1,FALSE,29.83,0," 11,286.54 "
6,2,325,4,FALSE,32.7,3," 3,591.48 "
5,1,267,2,TRUE,30.4,0," 33,907.55 "
33,1,349,4,FALSE,33.7,4," 11,299.34 "
1,1,288,1,FALSE,31.35,4," 4,561.19 "
34,1,379,1,TRUE,34.96,2," 44,641.20 "
5,2,351,3,FALSE,33.77,0," 1,674.63 "
35,1,275,1,FALSE,30.875,0," 23,045.57 "
8,1,356,3,FALSE,33.99,1," 3,227.12 "
16,1,21,1,TRUE,19.095,2," 16,776.30 "
36,2,218,4,FALSE,28.6,3," 11,253.42 "
12,2,460,3,FALSE,38.94,1," 3,471.41 "
41,2,406,3,FALSE,36.08,0," 11,363.28 "
20,2,249,4,FALSE,29.8,0," 20,420.60 "
37,1,285,3,FALSE,31.24,0," 10,338.93 "
32,1,254,2,FALSE,29.925,0," 8,988.16 "
33,1,157,2,FALSE,26.22,2," 10,493.95 "
9,2,255,4,FALSE,30,1," 2,904.09 "
28,2,34,3,FALSE,20.35,3," 8,605.36 "
37,1,313,1,FALSE,32.3,1," 11,512.41 "
21,2,455,3,TRUE,38.39,3," 41,949.24 "
31,1,149,3,TRUE,25.85,3," 24,180.93 "
11,1,159,2,FALSE,26.315,3," 5,312.17 "
6,2,117,1,FALSE,24.51,0," 2,396.10 "
38,2,323,3,FALSE,32.67,1," 10,807.49 "
24,2,246,1,FALSE,29.64,5," 9,222.40 "
8,2,340,3,TRUE,33.33,2," 36,124.57 "
16,2,397,3,TRUE,35.75,1," 38,282.75 "
13,1,28,2,FALSE,19.95,3," 5,693.43 "
6,1,289,4,TRUE,31.4,0," 34,166.27 "
29,2,450,3,FALSE,38.17,2," 8,347.16 "
36,1,424,2,TRUE,36.86,3," 46,661.44 "
10,1,315,1,FALSE,32.395,1," 18,903.49 "
6,1,516,1,TRUE,42.75,1," 40,904.20 "
46,1,130,2,FALSE,25.08,0," 14,254.61 "
38,2,252,4,FALSE,29.9,0," 10,214.64 "
18,1,400,3,FALSE,35.86,2," 5,836.52 "
17,2,328,4,FALSE,32.8,1," 14,358.36 "
2,1,17,4,FALSE,18.6,0," 1,728.90 "
22,1,102,3,FALSE,23.87,5," 8,582.30 "
10,2,534,4,FALSE,45.9,2," 3,693.43 "
40,2,487,1,FALSE,40.28,0," 20,709.02 "
35,1,15,2,FALSE,18.335,0," 9,991.04 "
11,2,353,2,FALSE,33.82,0," 19,673.34 "
33,1,205,2,FALSE,28.12,3," 11,085.59 "
27,1,129,4,FALSE,25,1," 7,623.52 "
9,1,68,2,FALSE,22.23,0," 3,176.29 "
16,2,263,3,FALSE,30.25,0," 3,704.35 "
2,1,318,2,TRUE,32.49,0," 36,898.73 "
33,2,429,3,FALSE,37.07,1," 9,048.03 "
24,1,322,4,FALSE,32.6,3," 7,954.52 "
35,1,125,3,FALSE,24.86,0," 27,117.99 "
22,2,314,3,FALSE,32.34,2," 6,338.08 "
33,2,313,4,FALSE,32.3,2," 9,630.40 "
35,2,326,2,FALSE,32.775,3," 11,289.11 "
43,2,328,4,TRUE,32.8,0," 52,590.83 "
3,1,303,2,FALSE,31.92,0," 2,261.57 "
38,2,52,4,FALSE,21.5,1," 10,791.96 "
25,2,358,4,FALSE,34.1,0," 5,979.73 "
1,1,265,1,FALSE,30.305,0," 2,203.74 "
41,1,415,2,FALSE,36.48,0," 12,235.84 "
26,1,320,3,TRUE,32.56,3," 40,941.29 "
18,1,399,2,FALSE,35.815,1," 5,630.46 "
31,1,199,2,FALSE,27.93,4," 11,015.17 "
19,1,66,1,FALSE,22.135,3," 7,228.22 "
2,2,530,3,TRUE,44.88,0," 39,722.75 "
6,1,83,2,FALSE,23.18,2," 14,426.07 "
3,1,270,1,FALSE,30.59,0," 2,459.72 "
15,1,499,4,FALSE,41.1,0," 3,989.84 "
26,1,370,2,FALSE,34.58,1," 7,727.25 "
17,2,509,3,FALSE,42.13,2," 5,124.19 "
13,2,458,3,FALSE,38.83,1," 18,963.17 "
1,1,208,1,FALSE,28.215,0," 2,200.83 "
24,1,211,2,FALSE,28.31,1," 7,153.55 "
18,1,154,1,FALSE,26.125,0," 5,227.99 "
40,2,489,3,FALSE,40.37,0," 10,982.50 "
12,1,119,4,FALSE,24.6,2," 4,529.48 "
15,2,383,4,FALSE,35.2,2," 4,670.64 "
20,1,359,2,FALSE,34.105,1," 6,112.35 "
1,2,184,1,TRUE,27.36,1," 17,178.68 "
26,1,167,4,TRUE,26.7,2," 22,478.60 "
39,1,508,3,FALSE,41.91,0," 11,093.62 "
21,2,235,2,FALSE,29.26,2," 6,457.84 "
12,2,308,2,FALSE,32.11,2," 4,433.92 "
5,1,178,4,FALSE,27.1,0," 2,154.36 "
35,1,109,2,TRUE,24.13,1," 23,887.66 "
23,1,185,4,FALSE,27.4,1," 6,496.89 "
6,1,376,1,FALSE,34.865,0," 2,899.49 "
14,2,250,3,TRUE,29.81,0," 19,350.37 "
25,1,502,1,FALSE,41.325,1," 7,650.77 "
7,1,254,2,FALSE,29.925,0," 2,850.68 "
8,1,264,4,FALSE,30.3,0," 2,632.99 "
31,1,184,1,FALSE,27.36,1," 9,447.38 "
6,1,215,3,TRUE,28.49,1," 18,328.24 "
28,2,93,1,FALSE,23.56,2," 8,603.82 "
3,2,393,2,TRUE,35.625,3," 37,465.34 "
45,1,324,2,FALSE,32.68,0," 13,844.80 "
26,1,134,1,TRUE,25.27,1," 21,771.34 "
6,1,201,4,FALSE,28,0," 13,126.68 "
14,1,326,2,FALSE,32.775,2," 5,327.40 "
24,1,57,1,FALSE,21.755,1," 13,725.47 "
41,1,315,1,FALSE,32.395,1," 13,019.16 "
31,1,417,2,FALSE,36.575,0," 8,671.19 "
14,1,57,2,FALSE,21.755,0," 4,134.08 "
2,1,199,2,FALSE,27.93,3," 18,838.70 "
2,1,256,2,TRUE,30.02,0," 33,307.55 "
24,2,346,3,FALSE,33.55,0," 5,699.84 "
23,2,237,2,FALSE,29.355,1," 6,393.60 "
14,1,147,4,FALSE,25.8,2," 4,934.71 "
20,2,113,2,FALSE,24.32,2," 6,198.75 "
29,2,490,2,FALSE,40.375,2," 8,733.23 "
5,2,308,2,FALSE,32.11,0," 2,055.32 "
34,2,313,1,FALSE,32.3,1," 9,964.06 "
1,1,182,3,TRUE,27.28,3," 18,223.45 "
18,2,11,2,FALSE,17.86,1," 5,116.50 "
42,1,375,4,FALSE,34.8,2," 36,910.61 "
19,2,342,4,TRUE,33.4,2," 38,415.47 "
20,1,141,1,TRUE,25.555,1," 20,296.86 "
42,2,430,4,FALSE,37.1,1," 12,347.17 "
19,2,275,2,FALSE,30.875,1," 5,373.36 "
22,2,358,3,FALSE,34.1,2," 23,563.02 "
1,2,51,1,FALSE,21.47,0," 1,702.46 "
35,1,339,4,FALSE,33.3,2," 10,806.84 "
10,1,286,2,FALSE,31.255,1," 3,956.07 "
1,2,464,1,FALSE,39.14,0," 12,890.06 "
23,2,130,3,FALSE,25.08,0," 5,415.66 "
12,2,433,3,FALSE,37.29,2," 4,058.12 "
29,1,371,4,TRUE,34.6,1," 41,661.60 "
21,1,262,2,FALSE,30.21,3," 7,537.16 "
13,1,62,1,FALSE,21.945,1," 4,718.20 "
23,2,127,3,FALSE,24.97,2," 6,593.51 "
33,2,135,3,FALSE,25.3,0," 8,442.67 "
3,1,116,3,TRUE,24.42,0," 26,125.67 "
24,2,104,1,FALSE,23.94,1," 6,858.48 "
16,1,480,3,FALSE,39.82,1," 4,795.66 "
21,2,2,1,FALSE,16.815,2," 6,640.54 "
25,2,432,3,FALSE,37.18,2," 7,162.01 "
39,2,367,3,FALSE,34.43,0," 10,594.23 "
41,2,265,1,FALSE,30.305,0," 11,938.26 "
35,2,368,2,TRUE,34.485,3," 60,021.40 "
3,1,59,4,TRUE,21.8,0," 20,167.34 "
37,1,120,2,FALSE,24.605,3," 12,479.71 "
41,2,87,4,FALSE,23.3,0," 11,345.52 "
28,1,196,3,FALSE,27.83,2," 8,515.76 "
9,2,280,2,FALSE,31.065,0," 2,699.57 "
46,1,55,1,FALSE,21.66,0," 14,449.85 "
41,1,208,2,FALSE,28.215,0," 12,224.35 "
20,2,74,1,FALSE,22.705,3," 6,985.51 "
8,1,509,3,FALSE,42.13,1," 3,238.44 "
35,2,506,3,TRUE,41.8,2," 47,269.85 "
47,2,426,3,TRUE,36.96,2," 49,577.66 "
5,1,47,2,FALSE,21.28,3," 4,296.27 "
11,1,335,3,FALSE,33.11,0," 3,171.61 "
1,2,340,3,FALSE,33.33,0," 1,135.94 "
11,2,111,4,FALSE,24.3,5," 5,615.37 "
28,1,144,4,FALSE,25.7,3," 9,101.80 "
16,2,239,4,FALSE,29.4,4," 6,059.17 "
1,1,480,3,FALSE,39.82,0," 1,633.96 "
15,2,347,1,TRUE,33.63,1," 37,607.53 "
7,2,251,1,TRUE,29.83,0," 18,648.42 "
2,2,26,4,FALSE,19.8,0," 1,241.57 "
3,2,183,4,TRUE,27.3,0," 16,232.85 "
23,1,236,4,FALSE,29.3,4," 15,828.82 "
17,1,193,3,FALSE,27.72,0," 4,415.16 "
25,1,445,4,FALSE,37.9,0," 6,474.01 "
34,1,413,2,FALSE,36.385,3," 11,436.74 "
37,1,191,2,FALSE,27.645,1," 11,305.93 "
38,2,442,2,FALSE,37.715,3," 30,063.58 "
35,1,83,1,FALSE,23.18,0," 10,197.77 "
15,1,37,1,FALSE,20.52,0," 4,544.23 "
11,2,430,4,FALSE,37.1,1," 3,277.16 "
24,1,203,3,FALSE,28.05,1," 6,770.19 "
26,1,252,4,FALSE,29.9,1," 7,337.75 "
32,1,341,1,FALSE,33.345,2," 10,370.91 "
47,2,99,3,TRUE,23.76,0," 26,926.51 "
38,1,269,4,FALSE,30.5,0," 10,704.47 "
7,2,280,1,TRUE,31.065,0," 34,254.05 "
3,1,339,4,FALSE,33.3,0," 1,880.49 "
28,2,187,4,FALSE,27.5,3," 8,615.30 "
9,2,355,2,FALSE,33.915,1," 3,292.53 "
8,1,368,2,FALSE,34.485,0," 3,021.81 "
26,2,140,3,FALSE,25.52,5," 14,478.33 "
18,2,190,3,FALSE,27.61,1," 4,747.05 "
9,2,176,3,TRUE,27.06,0," 17,043.34 "
40,2,97,4,FALSE,23.7,0," 10,959.33 "
5,1,267,1,FALSE,30.4,0," 2,741.95 "
15,1,248,2,FALSE,29.735,0," 4,357.04 "
22,2,254,1,TRUE,29.925,1," 22,462.04 "
8,1,169,2,FALSE,26.79,2," 4,189.11 "
31,1,340,3,FALSE,33.33,0," 8,283.68 "
30,1,191,2,TRUE,27.645,2," 24,535.70 "
1,1,55,1,TRUE,21.66,0," 14,283.46 "
1,2,257,3,FALSE,30.03,1," 1,720.35 "
44,2,412,4,TRUE,36.3,1," 47,403.88 "
30,1,113,1,FALSE,24.32,0," 8,534.67 "
11,1,4,1,FALSE,17.29,0," 3,732.63 "
19,1,150,4,FALSE,25.9,1," 5,472.45 "
3,2,469,4,TRUE,39.4,2," 38,344.57 "
27,2,364,3,FALSE,34.32,1," 7,147.47 "
21,1,28,1,FALSE,19.95,2," 7,133.90 "
2,2,378,4,TRUE,34.9,0," 34,828.65 "
4,2,85,3,FALSE,23.21,0," 1,515.34 "
29,2,146,2,FALSE,25.745,3," 9,301.89 "
41,2,132,1,FALSE,25.175,0," 11,931.13 "
3,2,63,4,FALSE,22,1," 1,964.78 "
1,2,154,1,FALSE,26.125,0," 1,708.93 "
11,1,163,3,FALSE,26.51,2," 4,340.44 "
16,2,186,2,FALSE,27.455,2," 5,261.47 "
2,1,146,2,FALSE,25.745,1," 2,710.83 "
28,2,266,3,TRUE,30.36,0," 62,592.87 "
45,2,275,2,TRUE,30.875,3," 46,718.16 "
8,1,42,4,FALSE,20.8,1," 3,208.79 "
26,2,195,4,TRUE,27.8,0," 37,829.72 "
25,2,120,1,TRUE,24.605,2," 21,259.38 "
7,1,193,3,FALSE,27.72,0," 2,464.62 "
12,1,60,1,TRUE,21.85,0," 16,115.30 "
15,2,205,2,TRUE,28.12,4," 21,472.48 "
8,1,261,4,TRUE,30.2,0," 33,900.65 "
24,2,310,4,FALSE,32.2,2," 6,875.96 "
25,2,159,2,FALSE,26.315,1," 6,940.91 "
16,1,166,2,FALSE,26.695,0," 4,571.41 "
17,2,517,4,FALSE,42.9,1," 4,536.26 "
2,1,373,4,TRUE,34.7,2," 36,397.58 "
13,1,96,2,TRUE,23.655,3," 18,765.88 "
1,2,211,1,FALSE,28.31,1," 11,272.33 "
2,1,38,4,FALSE,20.6,0," 1,731.68 "
1,2,548,3,FALSE,53.13,0," 1,163.46 "
18,2,477,1,FALSE,39.71,4," 19,496.72 "
22,1,159,2,FALSE,26.315,2," 7,201.70 "
14,2,280,2,FALSE,31.065,3," 5,425.02 "
45,2,166,1,TRUE,26.695,0," 28,101.33 "
45,2,458,3,FALSE,38.83,0," 12,981.35 "
25,1,489,3,TRUE,40.37,2," 43,896.38 "
14,2,151,2,FALSE,25.935,1," 4,239.89 "
44,2,345,1,FALSE,33.535,0," 13,143.34 "
25,1,329,1,FALSE,32.87,0," 7,050.02 "
34,2,257,3,FALSE,30.03,1," 9,377.90 "
6,1,110,1,FALSE,24.225,2," 22,395.74 "
35,2,456,4,FALSE,38.6,2," 10,325.21 "
40,1,145,3,FALSE,25.74,2," 12,629.17 "
6,1,342,4,FALSE,33.4,0," 10,795.94 "
35,1,527,4,FALSE,44.7,3," 11,411.69 "
33,2,277,2,FALSE,30.97,3," 10,600.55 "
1,1,303,1,FALSE,31.92,0," 2,205.98 "
1,1,423,3,FALSE,36.85,0," 1,629.83 "
4,1,147,4,FALSE,25.8,0," 2,007.95 "
44,1,230,2,TRUE,29.07,0," 29,141.36 "
